{
  "N_range": [
    3,
    10
  ],
  "noise_rate": 0.1,
  "method": "bfs",
  "total_samples": 88552,
  "samples_per_N": {
    "3": 26,
    "4": 80,
    "5": 242,
    "6": 728,
    "7": 2186,
    "8": 6560,
    "9": 19682,
    "10": 59048
  },
  "generation_time": {
    "3": 0.006337642669677734,
    "4": 0.02008795738220215,
    "5": 0.044647932052612305,
    "6": 0.09537196159362793,
    "7": 0.3073129653930664,
    "8": 0.7740569114685059,
    "9": 2.3879177570343018,
    "10": 7.42940878868103
  },
  "total_generation_time": 11.065702438354492
}