{
  "N_range": [
    3,
    10
  ],
  "noise_rate": 0.1,
  "method": "bfs",
  "total_samples": 88552,
  "samples_per_N": {
    "3": 26,
    "4": 80,
    "5": 242,
    "6": 728,
    "7": 2186,
    "8": 6560,
    "9": 19682,
    "10": 59048
  },
  "generation_time": {
    "3": 0.0019500255584716797,
    "4": 0.005899667739868164,
    "5": 0.019870758056640625,
    "6": 0.06557774543762207,
    "7": 0.16024470329284668,
    "8": 0.5130934715270996,
    "9": 1.7546837329864502,
    "10": 5.450910568237305
  },
  "total_generation_time": 7.972583532333374
}